{
  "Hora": 0.05738922953605652,
  "DiaSemana": 0.03697642311453819,
  "Vol_Previsto": 0.027686351910233498,
  "HC_Previsto": 0.2190382033586502,
  "Tempo_AHT_Previsto_Total": 0.025543855503201485,
  "ABS_Taxa_Daily": 0.039637815207242966,
  "TME_Real_Avg_Lag_1": 0.0380680151283741,
  "Desvio_Volume_Pct_Lag_1": 0.02731533721089363,
  "Delta_TMA_Lag_1": 0.03939767926931381,
  "Pressao_Prevista_Vol_HC": 0.03972286358475685,
  "Indicador_Sufoco": 0.04482767730951309,
  "Vol_Por_Agente": 0.0237977746874094,
  "Margem_Capacidade": 0.01926446333527565,
  "PerdaLog_Taxa_Daily": 0.03156523033976555,
  "NS_Media_Movel_3": 0.03615231066942215,
  "NS_Media_Movel_6": 0.01894201524555683,
  "NS_Std_Movel_6": 0.027499547228217125,
  "Turnover_Taxa_Daily": 0.0,
  "Faltas_Qtd_Daily": 0.01018829271197319,
  "NS_Lag_1": 0.014129695482552052,
  "NS_Lag_3": 0.0,
  "Dia_Mes": 0.04748307168483734,
  "Semana_Mes": 0.016345271840691566,
  "Dia_Semana": 0.10294248908758163,
  "Is_Inicio_Fim_Mes": 0.007378088776022196,
  "Is_Segunda_Sexta": 0.02607426419854164,
  "Hora_Dia_Ciclo": 0.022634074091911316
}