{
  "Vol_Previsto": 0.03685804456472397,
  "HC_Previsto": 0.1263541281223297,
  "Tempo_AHT_Previsto_Total": 0.0303864274173975,
  "Hora": 0.046275049448013306,
  "DiaSemana": 0.05178146809339523,
  "ABS_Taxa_Daily": 0.04998014122247696,
  "Turnover_Taxa_Daily": 0.028988929465413094,
  "Ferias_Qtd_Daily": 0.007807640358805656,
  "Faltas_Qtd_Daily": 0.009975956752896309,
  "TME_Real_Avg_Lag_1": 0.06561301648616791,
  "Desvio_Volume_Pct_Lag_1": 0.04644245281815529,
  "Delta_TMA_Lag_1": 0.051610879600048065,
  "Pressao_Prevista_Vol_HC": 0.041489098221063614,
  "Indicador_Sufoco": 0.040990062057971954,
  "Vol_Por_Agente": 0.05142858624458313,
  "Margem_Capacidade": 0.05830259248614311,
  "PerdaLog_Taxa_Daily": 0.06351257860660553,
  "NewHire_Pct_Daily": 0.0,
  "AgentIssues_Taxa_Daily": 0.0,
  "NS_Media_Movel_3": 0.05681096017360687,
  "NS_Media_Movel_6": 0.07814867049455643,
  "NS_Std_Movel_6": 0.057243335992097855,
  "Programa_Target_Enc": 0.0
}