{
  "Vol_Previsto": 0.04004787281155586,
  "HC_Previsto": 0.03619132190942764,
  "Tempo_AHT_Previsto_Total": 0.04258840158581734,
  "Hora": 0.053638558834791183,
  "DiaSemana": 0.04668911173939705,
  "ABS_Taxa_Daily": 0.022296689450740814,
  "Turnover_Taxa_Daily": 0.023569578304886818,
  "Ferias_Qtd_Daily": 0.02396278828382492,
  "Faltas_Qtd_Daily": 0.019541429355740547,
  "TME_Real_Avg_Lag_1": 0.02464761584997177,
  "Desvio_Volume_Pct_Lag_1": 0.019292449578642845,
  "Delta_TMA_Lag_1": 0.01760309748351574,
  "Pressao_Prevista_Vol_HC": 0.022227732464671135,
  "Indicador_Sufoco": 0.03976704925298691,
  "Vol_Por_Agente": 0.02354414202272892,
  "Margem_Capacidade": 0.038743529468774796,
  "PerdaLog_Taxa_Daily": 0.025348156690597534,
  "NewHire_Pct_Daily": 0.020973220467567444,
  "AgentIssues_Taxa_Daily": 0.023263053968548775,
  "NS_Media_Movel_3": 0.04887649789452553,
  "NS_Media_Movel_6": 0.028106125071644783,
  "NS_Std_Movel_6": 0.024116942659020424,
  "NS_Lag_1": 0.06646766513586044,
  "NS_Lag_2": 0.024211334064602852,
  "NS_Lag_3": 0.02869051694869995,
  "Programa_Target_Enc": 0.0,
  "Dia_Mes": 0.022103630006313324,
  "Semana_Mes": 0.02324179746210575,
  "Dia_Semana": 0.03466006740927696,
  "Is_Inicio_Fim_Mes": 0.02223450317978859,
  "Is_Segunda_Sexta": 0.02838800475001335,
  "Is_Fim_Semana": 0.015345768071711063,
  "Hora_Dia_Ciclo": 0.02873268350958824,
  "NS_Previsto_Erlang": 0.040888648480176926
}