{
  "Hora": 0.11847588419914246,
  "DiaSemana": 0.012889805249869823,
  "Vol_Previsto": 0.03545074537396431,
  "HC_Previsto": 0.0454467348754406,
  "Tempo_AHT_Previsto_Total": 0.0287676639854908,
  "ABS_Taxa_Daily": 0.016380727291107178,
  "TME_Real_Avg_Lag_1": 0.02575593814253807,
  "Desvio_Volume_Pct_Lag_1": 0.026083270087838173,
  "Delta_TMA_Lag_1": 0.023439818993210793,
  "Pressao_Prevista_Vol_HC": 0.0509917326271534,
  "Indicador_Sufoco": 0.10795935243368149,
  "Vol_Por_Agente": 0.008883482776582241,
  "Margem_Capacidade": 0.06388242542743683,
  "PerdaLog_Taxa_Daily": 0.010682057589292526,
  "NS_Media_Movel_3": 0.031943079084157944,
  "NS_Media_Movel_6": 0.02391958422958851,
  "NS_Std_Movel_6": 0.007212103344500065,
  "Turnover_Taxa_Daily": 0.10624459385871887,
  "Faltas_Qtd_Daily": 0.005887332372367382,
  "NS_Lag_1": 0.03241904079914093,
  "NS_Lag_3": 0.0007565961568616331,
  "Dia_Mes": 0.019648004323244095,
  "Semana_Mes": 0.06217567250132561,
  "Dia_Semana": 0.09185930341482162,
  "Is_Inicio_Fim_Mes": 0.006594166159629822,
  "Is_Segunda_Sexta": 0.026843423023819923,
  "Hora_Dia_Ciclo": 0.00940749142318964
}