{
  "Hora": 0.022483108565211296,
  "DiaSemana": 0.0,
  "Vol_Previsto": 0.037172168493270874,
  "HC_Previsto": 0.028596367686986923,
  "Tempo_AHT_Previsto_Total": 0.03242511302232742,
  "ABS_Taxa_Daily": 0.0584455281496048,
  "TME_Real_Avg_Lag_1": 0.052498847246170044,
  "Desvio_Volume_Pct_Lag_1": 0.09978096932172775,
  "Delta_TMA_Lag_1": 0.0,
  "Pressao_Prevista_Vol_HC": 0.04969135671854019,
  "Indicador_Sufoco": 0.1952413022518158,
  "Vol_Por_Agente": 0.0,
  "Margem_Capacidade": 0.014666990377008915,
  "PerdaLog_Taxa_Daily": 0.000302911241305992,
  "NS_Media_Movel_3": 0.0,
  "NS_Media_Movel_6": 0.018286991864442825,
  "NS_Std_Movel_6": 0.05276252701878548,
  "Turnover_Taxa_Daily": 0.12937277555465698,
  "Faltas_Qtd_Daily": 0.0,
  "NS_Lag_1": 0.07789172232151031,
  "NS_Lag_3": 0.0,
  "Dia_Mes": 0.130381241440773,
  "Semana_Mes": 0.0,
  "Dia_Semana": 0.0,
  "Is_Inicio_Fim_Mes": 0.0,
  "Is_Segunda_Sexta": 0.0,
  "Hora_Dia_Ciclo": 0.0
}