{
  "Hora": 0.051847442984580994,
  "DiaSemana": 0.040681757032871246,
  "Vol_Previsto": 0.02458089217543602,
  "HC_Previsto": 0.08006852865219116,
  "Tempo_AHT_Previsto_Total": 0.018399545922875404,
  "ABS_Taxa_Daily": 0.05527230724692345,
  "TME_Real_Avg_Lag_1": 0.057056792080402374,
  "Desvio_Volume_Pct_Lag_1": 0.04100433737039566,
  "Delta_TMA_Lag_1": 0.04561964049935341,
  "Pressao_Prevista_Vol_HC": 0.027063535526394844,
  "Indicador_Sufoco": 0.0326603464782238,
  "Vol_Por_Agente": 0.037297625094652176,
  "Margem_Capacidade": 0.0416967011988163,
  "PerdaLog_Taxa_Daily": 0.06081301346421242,
  "NS_Media_Movel_3": 0.029658934101462364,
  "NS_Media_Movel_6": 0.02949720248579979,
  "NS_Std_Movel_6": 0.02875239960849285,
  "Turnover_Taxa_Daily": 0.0,
  "Ferias_Qtd_Daily": 0.0,
  "Faltas_Qtd_Daily": 0.043433453887701035,
  "Dia_Mes": 0.03276357054710388,
  "Semana_Mes": 0.029704973101615906,
  "Dia_Semana": 0.05948489531874657,
  "Is_Inicio_Fim_Mes": 0.05387074872851372,
  "Is_Segunda_Sexta": 0.03589481860399246,
  "Is_Fim_Semana": 0.0,
  "Hora_Dia_Ciclo": 0.042876508086919785
}