{
  "Hora": 0.07785454392433167,
  "DiaSemana": 0.1256129890680313,
  "Vol_Previsto": 0.027554474771022797,
  "HC_Previsto": 0.06970975548028946,
  "Tempo_AHT_Previsto_Total": 0.021197546273469925,
  "ABS_Taxa_Daily": 0.011822577565908432,
  "TME_Real_Avg_Lag_1": 0.010381948202848434,
  "Desvio_Volume_Pct_Lag_1": 0.010568252764642239,
  "Delta_TMA_Lag_1": 0.010413873940706253,
  "Pressao_Prevista_Vol_HC": 0.05348074436187744,
  "Indicador_Sufoco": 0.13979436457157135,
  "Vol_Por_Agente": 0.040523871779441833,
  "Margem_Capacidade": 0.029544059187173843,
  "PerdaLog_Taxa_Daily": 0.017444351688027382,
  "NS_Media_Movel_3": 0.012952272780239582,
  "NS_Media_Movel_6": 0.010977508500218391,
  "NS_Std_Movel_6": 0.010041939094662666,
  "Turnover_Taxa_Daily": 0.00969268474727869,
  "Ferias_Qtd_Daily": 0.010820689611136913,
  "Faltas_Qtd_Daily": 0.031390368938446045,
  "NewHire_Pct_Daily": 0.012468062341213226,
  "AgentIssues_Taxa_Daily": 0.012197334319353104,
  "NS_Lag_1": 0.017075378447771072,
  "NS_Lag_2": 0.011113746091723442,
  "NS_Lag_3": 0.011151280254125595,
  "Programa_Target_Enc": 0.0,
  "Dia_Mes": 0.01630256697535515,
  "Semana_Mes": 0.014435217715799809,
  "Dia_Semana": 0.10131808370351791,
  "Is_Inicio_Fim_Mes": 0.008386745117604733,
  "Is_Segunda_Sexta": 0.0217775646597147,
  "Is_Fim_Semana": 0.022926466539502144,
  "Hora_Dia_Ciclo": 0.0190687607973814
}