{
  "Hora": 0.06967040151357651,
  "DiaSemana": 0.023126676678657532,
  "Vol_Previsto": 0.02060314081609249,
  "HC_Previsto": 0.033258549869060516,
  "Tempo_AHT_Previsto_Total": 0.042419929057359695,
  "ABS_Taxa_Daily": 0.01646195352077484,
  "TME_Real_Avg_Lag_1": 0.017440946772694588,
  "Desvio_Volume_Pct_Lag_1": 0.016682641580700874,
  "Delta_TMA_Lag_1": 0.012683950364589691,
  "Pressao_Prevista_Vol_HC": 0.022194525226950645,
  "Indicador_Sufoco": 0.03094823658466339,
  "Vol_Por_Agente": 0.025890113785862923,
  "Margem_Capacidade": 0.02940688095986843,
  "Ocupacao_Sintetica": 0.0266716368496418,
  "PerdaLog_Taxa_Daily": 0.016883743926882744,
  "NS_Media_Movel_3": 0.027582872658967972,
  "NS_Media_Movel_6": 0.07213076949119568,
  "NS_Std_Movel_6": 0.05180400237441063,
  "Delta_Aceleracao_NS": 0.02607511729001999,
  "Is_Horario_Pico": 0.06906472146511078,
  "Turnover_Taxa_Daily": 0.013711829669773579,
  "Ferias_Qtd_Daily": 0.015531190671026707,
  "Faltas_Qtd_Daily": 0.01618502289056778,
  "NewHire_Pct_Daily": 0.017284490168094635,
  "AgentIssues_Taxa_Daily": 0.015321179293096066,
  "NS_Lag_1": 0.057710200548172,
  "NS_Lag_2": 0.017022116109728813,
  "NS_Lag_3": 0.015990620478987694,
  "Programa_Target_Enc": 0.0,
  "Dia_Mes": 0.016032936051487923,
  "Semana_Mes": 0.015799926593899727,
  "Dia_Semana": 0.02600187063217163,
  "Is_Inicio_Fim_Mes": 0.014226085506379604,
  "Is_Segunda_Sexta": 0.012485617771744728,
  "Is_Fim_Semana": 0.0,
  "Hora_Dia_Ciclo": 0.06168414652347565,
  "NS_Previsto_Erlang": 0.03401201218366623
}