{
  "Hora": 0.13992711901664734,
  "DiaSemana": 0.0144378412514925,
  "Vol_Previsto": 0.03626399487257004,
  "HC_Previsto": 0.04671168327331543,
  "Tempo_AHT_Previsto_Total": 0.03659239411354065,
  "ABS_Taxa_Daily": 0.025447670370340347,
  "TME_Real_Avg_Lag_1": 0.021152442321181297,
  "Desvio_Volume_Pct_Lag_1": 0.042636968195438385,
  "Delta_TMA_Lag_1": 0.034969303756952286,
  "Pressao_Prevista_Vol_HC": 0.11994639039039612,
  "Indicador_Sufoco": 0.15846489369869232,
  "Vol_Por_Agente": 0.010615098290145397,
  "Margem_Capacidade": 0.03956969827413559,
  "PerdaLog_Taxa_Daily": 0.021521465852856636,
  "NS_Media_Movel_3": 0.04636963829398155,
  "NS_Media_Movel_6": 0.03945540636777878,
  "NS_Std_Movel_6": 0.010884935967624187,
  "Turnover_Taxa_Daily": 0.029104169458150864,
  "Faltas_Qtd_Daily": 0.0,
  "NS_Lag_1": 0.05648962780833244,
  "NS_Lag_3": 0.0,
  "Dia_Mes": 0.025068577378988266,
  "Semana_Mes": 0.0,
  "Dia_Semana": 0.0,
  "Is_Inicio_Fim_Mes": 0.0,
  "Is_Segunda_Sexta": 0.04164058715105057,
  "Hora_Dia_Ciclo": 0.002730118576437235
}