{
  "Vol_Previsto": 0.014569013379514217,
  "HC_Previsto": 0.006240030750632286,
  "Tempo_AHT_Previsto_Total": 0.01769045740365982,
  "Hora": 0.00471508176997304,
  "DiaSemana": 0.005876709707081318,
  "ABS_Taxa_Daily": 0.0061925421468913555,
  "Turnover_Taxa_Daily": 0.005309935659170151,
  "Ferias_Qtd_Daily": 0.035788606852293015,
  "Faltas_Qtd_Daily": 0.005441754125058651,
  "WAHA_Qtd_Daily": 0.0,
  "Taxa_Abandono_Lag_1": 0.010827817022800446,
  "TME_Real_Avg_Lag_1": 0.4766363501548767,
  "Taxa_Ocupacao_Lag_1": 0.0,
  "Taxa_Pausa_Tecnica_Lag_1": 0.0,
  "Taxa_Pausa_Pessoal_Lag_1": 0.0,
  "Taxa_Pausa_Gestao_Lag_1": 0.0,
  "Desvio_HC_Pct_Lag_1": 0.0017143458826467395,
  "Desvio_Volume_Pct_Lag_1": 0.06251981109380722,
  "Delta_TMA_Lag_1": 0.02129996195435524,
  "Pressao_Prevista_Vol_HC": 0.2335352748632431,
  "Indicador_Sufoco": 0.014300061389803886,
  "Vol_Por_Agente": 0.010871787555515766,
  "Margem_Capacidade": 0.014206192456185818,
  "Desvio_Escala_Pct": 0.0,
  "Razao_Escala": 0.0,
  "Taxa_Sobrecarga": 0.0,
  "PerdaLog_Taxa_Daily": 0.011387341655790806,
  "TechIssues_Taxa_Daily": 0.0,
  "NewHire_Pct_Daily": 0.03525783121585846,
  "AgentIssues_Taxa_Daily": 0.0056191543117165565
}