{
  "programa": 591529,
  "encoding": 0.8313737870007203,
  "media_global": 0.9170490633570952,
  "n_amostras": 2100
}