{
  "programa": 589360,
  "encoding": 0.9265608736994011,
  "media_global": 0.919815981149172,
  "n_amostras": 1053
}