{
  "programa": 591529,
  "encoding": 0.8441818481459817,
  "media_global": 0.919815981149172,
  "n_amostras": 2083
}