{
  "programa": 589361,
  "encoding": 0.9582214151438891,
  "media_global": 0.919815981149172,
  "n_amostras": 615
}