{
  "programa": 581345,
  "encoding": 0.9225526113630129,
  "media_global": 0.919815981149172,
  "n_amostras": 3098
}