{
  "programa": 347851,
  "encoding": 0.9683021883706517,
  "media_global": 0.9170490633570952,
  "n_amostras": 3050
}