{
  "programa": 589360,
  "encoding": 0.9234560426800339,
  "media_global": 0.9170490633570952,
  "n_amostras": 1065
}