{
  "programa": 581346,
  "encoding": 0.9136790209958952,
  "media_global": 0.919815981149172,
  "n_amostras": 3124
}