{
  "programa": 347851,
  "encoding": 0.9679138347616353,
  "media_global": 0.919815981149172,
  "n_amostras": 3034
}