{
  "programa": 370588,
  "encoding": 0.9157859249031103,
  "media_global": 0.9170490633570952,
  "n_amostras": 2889
}