{
  "programa": 589361,
  "encoding": 0.9588581510411663,
  "media_global": 0.9170490633570952,
  "n_amostras": 627
}