{
  "programa": 581345,
  "encoding": 0.9186891691947642,
  "media_global": 0.9170490633570952,
  "n_amostras": 3115
}