{
  "programa": 581346,
  "encoding": 0.9137673855454127,
  "media_global": 0.9170490633570952,
  "n_amostras": 3142
}