{
  "programa": 355492,
  "encoding": 0.8874668355068663,
  "media_global": 0.9170490633570952,
  "n_amostras": 1
}