{
  "programa": 370588,
  "encoding": 0.9170886249674122,
  "media_global": 0.919815981149172,
  "n_amostras": 2873
}