{
  "programa": 355492,
  "encoding": 0.8901444978862955,
  "media_global": 0.919815981149172,
  "n_amostras": 1
}