{
  "Hora": 0.023393817245960236,
  "DiaSemana": 0.0,
  "Vol_Previsto": 0.0340016670525074,
  "HC_Previsto": 0.03213956952095032,
  "Tempo_AHT_Previsto_Total": 0.03377746418118477,
  "ABS_Taxa_Daily": 0.07816588878631592,
  "TME_Real_Avg_Lag_1": 0.054154299199581146,
  "Desvio_Volume_Pct_Lag_1": 0.05296126380562782,
  "Delta_TMA_Lag_1": 0.0,
  "Pressao_Prevista_Vol_HC": 0.051652029156684875,
  "Indicador_Sufoco": 0.20389938354492188,
  "Vol_Por_Agente": 0.0,
  "Margem_Capacidade": 0.009096753783524036,
  "PerdaLog_Taxa_Daily": 0.00037331104977056384,
  "NS_Media_Movel_3": 0.0,
  "NS_Media_Movel_6": 0.01910056173801422,
  "NS_Std_Movel_6": 0.03580242022871971,
  "Turnover_Taxa_Daily": 0.1445368230342865,
  "Faltas_Qtd_Daily": 0.0,
  "NS_Lag_1": 0.08616332709789276,
  "NS_Lag_3": 0.0,
  "Dia_Mes": 0.1407814770936966,
  "Semana_Mes": 0.0,
  "Dia_Semana": 0.0,
  "Is_Inicio_Fim_Mes": 0.0,
  "Is_Segunda_Sexta": 0.0,
  "Hora_Dia_Ciclo": 0.0
}