{
  "Hora": 0.02696223370730877,
  "DiaSemana": 0.2557881772518158,
  "Vol_Previsto": 0.011711373925209045,
  "HC_Previsto": 0.0316801555454731,
  "Tempo_AHT_Previsto_Total": 0.030019326135516167,
  "ABS_Taxa_Daily": 0.002327897120267153,
  "TME_Real_Avg_Lag_1": 0.023064812645316124,
  "Desvio_Volume_Pct_Lag_1": 0.007382560987025499,
  "Delta_TMA_Lag_1": 0.012192453257739544,
  "Pressao_Prevista_Vol_HC": 0.031701378524303436,
  "Indicador_Sufoco": 0.1044779047369957,
  "Vol_Por_Agente": 0.04963420704007149,
  "Margem_Capacidade": 0.027360349893569946,
  "PerdaLog_Taxa_Daily": 0.0031166379339993,
  "NS_Media_Movel_3": 0.008898607455193996,
  "NS_Media_Movel_6": 0.006880890112370253,
  "NS_Std_Movel_6": 0.0,
  "Turnover_Taxa_Daily": 0.006518376525491476,
  "Ferias_Qtd_Daily": 0.00020789794507436454,
  "Faltas_Qtd_Daily": 0.009562404826283455,
  "NewHire_Pct_Daily": 0.003888373961672187,
  "AgentIssues_Taxa_Daily": 0.002983847400173545,
  "NS_Lag_1": 0.016285602003335953,
  "NS_Lag_2": 0.018025008961558342,
  "NS_Lag_3": 0.001303029479458928,
  "Programa_Target_Enc": 0.0,
  "Dia_Mes": 0.002515969332307577,
  "Semana_Mes": 0.0,
  "Dia_Semana": 0.305510550737381,
  "Is_Inicio_Fim_Mes": 0.0,
  "Is_Segunda_Sexta": 0.0,
  "Is_Fim_Semana": 0.0,
  "Hora_Dia_Ciclo": 0.0
}