{
  "Vol_Previsto": 0.03501592576503754,
  "HC_Previsto": 0.00895798671990633,
  "Tempo_AHT_Previsto_Total": 0.05030199512839317,
  "Hora": 0.007932628504931927,
  "DiaSemana": 0.005504808854311705,
  "ABS_Taxa_Daily": 0.006840772461146116,
  "Turnover_Taxa_Daily": 0.005971119739115238,
  "Ferias_Qtd_Daily": 0.0258218701928854,
  "Faltas_Qtd_Daily": 0.0065623121336102486,
  "WAHA_Qtd_Daily": 0.0,
  "Taxa_Abandono_Lag_1": 0.012706886045634747,
  "TME_Real_Avg_Lag_1": 0.38605865836143494,
  "Taxa_Ocupacao_Lag_1": 0.0,
  "Taxa_Pausa_Tecnica_Lag_1": 0.0,
  "Taxa_Pausa_Pessoal_Lag_1": 0.0,
  "Taxa_Pausa_Gestao_Lag_1": 0.0,
  "Desvio_HC_Pct_Lag_1": 0.003271360881626606,
  "Desvio_Volume_Pct_Lag_1": 0.10964225977659225,
  "Delta_TMA_Lag_1": 0.025054777041077614,
  "Pressao_Prevista_Vol_HC": 0.2189839780330658,
  "Indicador_Sufoco": 0.011757182888686657,
  "Vol_Por_Agente": 0.006995786912739277,
  "Margem_Capacidade": 0.003691498190164566,
  "Desvio_Escala_Pct": 0.0,
  "Razao_Escala": 0.0,
  "Taxa_Sobrecarga": 0.0,
  "PerdaLog_Taxa_Daily": 0.01046636514365673,
  "TechIssues_Taxa_Daily": 0.0,
  "NewHire_Pct_Daily": 0.05206238105893135,
  "AgentIssues_Taxa_Daily": 0.006399480625987053
}