{
  "Hora": 0.05192175507545471,
  "DiaSemana": 0.03841431438922882,
  "Vol_Previsto": 0.03427250310778618,
  "HC_Previsto": 0.07365044951438904,
  "Tempo_AHT_Previsto_Total": 0.03246178850531578,
  "ABS_Taxa_Daily": 0.03834690526127815,
  "TME_Real_Avg_Lag_1": 0.04848191514611244,
  "Desvio_Volume_Pct_Lag_1": 0.03403114154934883,
  "Delta_TMA_Lag_1": 0.0458981953561306,
  "Pressao_Prevista_Vol_HC": 0.029984792694449425,
  "Indicador_Sufoco": 0.04929612576961517,
  "Vol_Por_Agente": 0.03448861092329025,
  "Margem_Capacidade": 0.027781881392002106,
  "PerdaLog_Taxa_Daily": 0.037668533623218536,
  "NS_Media_Movel_3": 0.035756904631853104,
  "NS_Media_Movel_6": 0.020685585215687752,
  "NS_Std_Movel_6": 0.0336812399327755,
  "NS_Lag_1": 0.07310947775840759,
  "NS_Lag_2": 0.01751912385225296,
  "NS_Lag_3": 0.0,
  "Turnover_Taxa_Daily": 0.042498089373111725,
  "Ferias_Qtd_Daily": 0.0,
  "Faltas_Qtd_Daily": 0.023901905864477158,
  "Dia_Mes": 0.03330961987376213,
  "Semana_Mes": 0.017069878056645393,
  "Dia_Semana": 0.03107002191245556,
  "Is_Inicio_Fim_Mes": 0.03522966057062149,
  "Is_Segunda_Sexta": 0.02183074690401554,
  "Is_Fim_Semana": 0.0,
  "Hora_Dia_Ciclo": 0.03763885051012039
}