{
  "Vol_Previsto": 0.03579283505678177,
  "HC_Previsto": 0.10076894611120224,
  "Tempo_AHT_Previsto_Total": 0.025416212156414986,
  "Hora": 0.045389723032712936,
  "DiaSemana": 0.03699370473623276,
  "ABS_Taxa_Daily": 0.04704505205154419,
  "Turnover_Taxa_Daily": 0.002598831430077553,
  "Ferias_Qtd_Daily": 0.00923981238156557,
  "Faltas_Qtd_Daily": 0.01647862233221531,
  "TME_Real_Avg_Lag_1": 0.06570636481046677,
  "Desvio_Volume_Pct_Lag_1": 0.05437123030424118,
  "Delta_TMA_Lag_1": 0.06341376900672913,
  "Pressao_Prevista_Vol_HC": 0.043668098747730255,
  "Indicador_Sufoco": 0.05195300281047821,
  "Vol_Por_Agente": 0.042432043701410294,
  "Margem_Capacidade": 0.03176814690232277,
  "PerdaLog_Taxa_Daily": 0.08209872245788574,
  "NewHire_Pct_Daily": 0.0,
  "AgentIssues_Taxa_Daily": 0.0,
  "NS_Media_Movel_3": 0.1013977900147438,
  "NS_Media_Movel_6": 0.12346725165843964,
  "NS_Std_Movel_6": 0.019999904558062553,
  "Programa_Target_Enc": 0.0
}