{
  "Hora": 0.019145116209983826,
  "DiaSemana": 0.020260898396372795,
  "Vol_Previsto": 0.06621275842189789,
  "HC_Previsto": 0.04600093513727188,
  "Tempo_AHT_Previsto_Total": 0.08082719892263412,
  "ABS_Taxa_Daily": 0.01297031156718731,
  "TME_Real_Avg_Lag_1": 0.016314350068569183,
  "Desvio_Volume_Pct_Lag_1": 0.014625461772084236,
  "Delta_TMA_Lag_1": 0.01669970341026783,
  "Pressao_Prevista_Vol_HC": 0.019872503355145454,
  "Indicador_Sufoco": 0.022401386871933937,
  "Vol_Por_Agente": 0.025176307186484337,
  "Margem_Capacidade": 0.022149022668600082,
  "PerdaLog_Taxa_Daily": 0.013367488980293274,
  "NS_Media_Movel_3": 0.06978112459182739,
  "NS_Media_Movel_6": 0.06915868073701859,
  "NS_Std_Movel_6": 0.12195368856191635,
  "Turnover_Taxa_Daily": 0.012690863572061062,
  "Ferias_Qtd_Daily": 0.014480073936283588,
  "Faltas_Qtd_Daily": 0.016525795683264732,
  "NewHire_Pct_Daily": 0.017851514741778374,
  "AgentIssues_Taxa_Daily": 0.047110266983509064,
  "NS_Lag_1": 0.019465653225779533,
  "NS_Lag_2": 0.03620085492730141,
  "NS_Lag_3": 0.020120153203606606,
  "Programa_Target_Enc": 0.0,
  "Dia_Mes": 0.01655818149447441,
  "Semana_Mes": 0.017121369019150734,
  "Dia_Semana": 0.019058100879192352,
  "Is_Inicio_Fim_Mes": 0.00787319429218769,
  "Is_Segunda_Sexta": 0.015750689432024956,
  "Is_Fim_Semana": 0.03399425745010376,
  "Hora_Dia_Ciclo": 0.016032863408327103,
  "NS_Previsto_Erlang": 0.03224928304553032
}