{
  "Hora": 0.12111709266901016,
  "DiaSemana": 0.004899586550891399,
  "Vol_Previsto": 0.04766043648123741,
  "HC_Previsto": 0.029059600085020065,
  "Tempo_AHT_Previsto_Total": 0.026139887049794197,
  "ABS_Taxa_Daily": 0.007916055619716644,
  "TME_Real_Avg_Lag_1": 0.008209711872041225,
  "Desvio_Volume_Pct_Lag_1": 0.02623904123902321,
  "Delta_TMA_Lag_1": 0.0030690638814121485,
  "Pressao_Prevista_Vol_HC": 0.0045299832709133625,
  "Indicador_Sufoco": 0.16392238438129425,
  "Vol_Por_Agente": 0.0007908852421678603,
  "Margem_Capacidade": 0.3072287142276764,
  "PerdaLog_Taxa_Daily": 0.005415499210357666,
  "NS_Media_Movel_3": 0.027278708294034004,
  "NS_Media_Movel_6": 0.026324547827243805,
  "NS_Std_Movel_6": 0.004669330548495054,
  "Turnover_Taxa_Daily": 0.05178536847233772,
  "Faltas_Qtd_Daily": 0.0,
  "NS_Lag_1": 0.06038040295243263,
  "NS_Lag_3": 0.004561102949082851,
  "Dia_Mes": 0.035203732550144196,
  "Semana_Mes": 0.006067381240427494,
  "Dia_Semana": 0.025706620886921883,
  "Is_Inicio_Fim_Mes": 0.0,
  "Is_Segunda_Sexta": 1.684829476289451e-05,
  "Hora_Dia_Ciclo": 0.0018080425215885043
}