{
  "Hora": 0.04887621849775314,
  "DiaSemana": 0.04153831675648689,
  "Vol_Previsto": 0.03478207439184189,
  "HC_Previsto": 0.06619951128959656,
  "Tempo_AHT_Previsto_Total": 0.02804003283381462,
  "ABS_Taxa_Daily": 0.04001104086637497,
  "TME_Real_Avg_Lag_1": 0.05582461133599281,
  "Desvio_Volume_Pct_Lag_1": 0.03691786900162697,
  "Delta_TMA_Lag_1": 0.042290229350328445,
  "Pressao_Prevista_Vol_HC": 0.027781998738646507,
  "Indicador_Sufoco": 0.05335172638297081,
  "Vol_Por_Agente": 0.03373948857188225,
  "Margem_Capacidade": 0.02823166735470295,
  "PerdaLog_Taxa_Daily": 0.03360879048705101,
  "NS_Media_Movel_3": 0.030177932232618332,
  "NS_Media_Movel_6": 0.025552745908498764,
  "NS_Std_Movel_6": 0.03650528937578201,
  "Turnover_Taxa_Daily": 0.033794160932302475,
  "Ferias_Qtd_Daily": 0.0,
  "Faltas_Qtd_Daily": 0.028096122667193413,
  "NS_Lag_1": 0.04093382507562637,
  "NS_Lag_2": 0.0,
  "NS_Lag_3": 0.045191697776317596,
  "Dia_Mes": 0.03083919733762741,
  "Semana_Mes": 0.01609901711344719,
  "Dia_Semana": 0.032293643802404404,
  "Is_Inicio_Fim_Mes": 0.050966981798410416,
  "Is_Segunda_Sexta": 0.021243685856461525,
  "Is_Fim_Semana": 0.0,
  "Hora_Dia_Ciclo": 0.03711213916540146
}