{
  "Hora": 0.06529892981052399,
  "DiaSemana": 0.014724815264344215,
  "Vol_Previsto": 0.042260706424713135,
  "HC_Previsto": 0.28124815225601196,
  "Tempo_AHT_Previsto_Total": 0.05854775011539459,
  "ABS_Taxa_Daily": 0.015857677906751633,
  "TME_Real_Avg_Lag_1": 0.012914157472550869,
  "Desvio_Volume_Pct_Lag_1": 0.014388805255293846,
  "Delta_TMA_Lag_1": 0.01518517266958952,
  "Pressao_Prevista_Vol_HC": 0.06286589801311493,
  "Indicador_Sufoco": 0.13417886197566986,
  "Vol_Por_Agente": 0.0341549851000309,
  "Margem_Capacidade": 0.044808659702539444,
  "PerdaLog_Taxa_Daily": 0.013640512712299824,
  "NS_Media_Movel_3": 0.017984522506594658,
  "NS_Media_Movel_6": 0.01490973960608244,
  "NS_Std_Movel_6": 0.023654097691178322,
  "Turnover_Taxa_Daily": 0.01583995670080185,
  "Faltas_Qtd_Daily": 0.0,
  "NS_Lag_1": 0.010115335695445538,
  "NS_Lag_3": 0.006715839728713036,
  "Dia_Mes": 0.019306981936097145,
  "Semana_Mes": 0.02423837035894394,
  "Dia_Semana": 0.006678168196231127,
  "Is_Inicio_Fim_Mes": 0.025613274425268173,
  "Is_Segunda_Sexta": 0.0,
  "Hora_Dia_Ciclo": 0.024868546053767204
}