{
  "Hora": 0.04742160066962242,
  "DiaSemana": 0.035067636519670486,
  "Vol_Previsto": 0.03384401276707649,
  "HC_Previsto": 0.08541949093341827,
  "Tempo_AHT_Previsto_Total": 0.029773883521556854,
  "ABS_Taxa_Daily": 0.05147475004196167,
  "TME_Real_Avg_Lag_1": 0.05681295320391655,
  "Desvio_Volume_Pct_Lag_1": 0.044160690158605576,
  "Delta_TMA_Lag_1": 0.04939617961645126,
  "Pressao_Prevista_Vol_HC": 0.04057527333498001,
  "Indicador_Sufoco": 0.04385184869170189,
  "Vol_Por_Agente": 0.04544856399297714,
  "Margem_Capacidade": 0.03365086391568184,
  "PerdaLog_Taxa_Daily": 0.04449416324496269,
  "NS_Media_Movel_3": 0.04156872257590294,
  "NS_Media_Movel_6": 0.03127706050872803,
  "NS_Std_Movel_6": 0.022211149334907532,
  "Turnover_Taxa_Daily": 0.019798221066594124,
  "Ferias_Qtd_Daily": 0.0,
  "Faltas_Qtd_Daily": 0.030495058745145798,
  "Dia_Mes": 0.0374908447265625,
  "Semana_Mes": 0.021051757037639618,
  "Dia_Semana": 0.03578111156821251,
  "Is_Inicio_Fim_Mes": 0.04463362321257591,
  "Is_Segunda_Sexta": 0.04263054206967354,
  "Is_Fim_Semana": 0.0,
  "Hora_Dia_Ciclo": 0.031669981777668
}