{
  "Hora": 0.03243047371506691,
  "DiaSemana": 0.04830930382013321,
  "Vol_Previsto": 0.024568699300289154,
  "HC_Previsto": 0.08149544149637222,
  "Tempo_AHT_Previsto_Total": 0.03977161645889282,
  "ABS_Taxa_Daily": 0.053528375923633575,
  "TME_Real_Avg_Lag_1": 0.059957001358270645,
  "Desvio_Volume_Pct_Lag_1": 0.02732584811747074,
  "Delta_TMA_Lag_1": 0.04832085222005844,
  "Pressao_Prevista_Vol_HC": 0.045640189200639725,
  "Indicador_Sufoco": 0.034330375492572784,
  "Vol_Por_Agente": 0.04915379360318184,
  "Margem_Capacidade": 0.0344555526971817,
  "PerdaLog_Taxa_Daily": 0.06275035440921783,
  "NS_Media_Movel_3": 0.03021262213587761,
  "NS_Media_Movel_6": 0.07749424874782562,
  "NS_Std_Movel_6": 0.0,
  "Turnover_Taxa_Daily": 0.0,
  "Faltas_Qtd_Daily": 0.00023568409960716963,
  "NS_Lag_1": 0.03889641910791397,
  "NS_Lag_3": 0.0,
  "Dia_Mes": 0.03930449113249779,
  "Semana_Mes": 0.023280542343854904,
  "Dia_Semana": 0.05540939420461655,
  "Is_Inicio_Fim_Mes": 0.023861205205321312,
  "Is_Segunda_Sexta": 0.029706351459026337,
  "Hora_Dia_Ciclo": 0.03956111520528793
}