{
  "Hora": 0.05676808953285217,
  "DiaSemana": 0.03552348166704178,
  "Vol_Previsto": 0.03086548112332821,
  "HC_Previsto": 0.07606404274702072,
  "Tempo_AHT_Previsto_Total": 0.019980907440185547,
  "ABS_Taxa_Daily": 0.032666731625795364,
  "TME_Real_Avg_Lag_1": 0.04362460970878601,
  "Desvio_Volume_Pct_Lag_1": 0.025774430483579636,
  "Delta_TMA_Lag_1": 0.03882487863302231,
  "Pressao_Prevista_Vol_HC": 0.040638867765665054,
  "Indicador_Sufoco": 0.03394222632050514,
  "Vol_Por_Agente": 0.023515913635492325,
  "Margem_Capacidade": 0.05366656556725502,
  "PerdaLog_Taxa_Daily": 0.0315813310444355,
  "NS_Media_Movel_3": 0.03611757233738899,
  "NS_Media_Movel_6": 0.022894704714417458,
  "NS_Std_Movel_6": 0.025614019483327866,
  "Turnover_Taxa_Daily": 0.09031740576028824,
  "Ferias_Qtd_Daily": 0.00441703712567687,
  "Faltas_Qtd_Daily": 0.01938527263700962,
  "NS_Lag_1": 0.02352067269384861,
  "NS_Lag_2": 0.0,
  "NS_Lag_3": 0.010734525509178638,
  "Dia_Mes": 0.04154360294342041,
  "Semana_Mes": 0.030460529029369354,
  "Dia_Semana": 0.01911946013569832,
  "Is_Inicio_Fim_Mes": 0.04464960843324661,
  "Is_Segunda_Sexta": 0.048313580453395844,
  "Is_Fim_Semana": 0.0,
  "Hora_Dia_Ciclo": 0.03947451338171959
}