{
  "Hora": 0.06794024258852005,
  "DiaSemana": 0.03776613995432854,
  "Vol_Previsto": 0.02656771056354046,
  "HC_Previsto": 0.09390915930271149,
  "Tempo_AHT_Previsto_Total": 0.020948262885212898,
  "ABS_Taxa_Daily": 0.04245530813932419,
  "TME_Real_Avg_Lag_1": 0.05192652717232704,
  "Desvio_Volume_Pct_Lag_1": 0.03245434910058975,
  "Delta_TMA_Lag_1": 0.03737810254096985,
  "Pressao_Prevista_Vol_HC": 0.04123280569911003,
  "Indicador_Sufoco": 0.03225257620215416,
  "Vol_Por_Agente": 0.03439788892865181,
  "Margem_Capacidade": 0.024403871968388557,
  "PerdaLog_Taxa_Daily": 0.03227495029568672,
  "NS_Media_Movel_3": 0.032361555844545364,
  "NS_Media_Movel_6": 0.02895381860435009,
  "NS_Std_Movel_6": 0.018367744982242584,
  "NS_Lag_1": 0.0533197782933712,
  "NS_Lag_2": 0.0,
  "NS_Lag_3": 0.0,
  "Turnover_Taxa_Daily": 0.04895169660449028,
  "Ferias_Qtd_Daily": 0.012218978255987167,
  "Faltas_Qtd_Daily": 0.015281210653483868,
  "Dia_Mes": 0.03444207087159157,
  "Semana_Mes": 0.043051738291978836,
  "Dia_Semana": 0.028969349339604378,
  "Is_Inicio_Fim_Mes": 0.03364899381995201,
  "Is_Segunda_Sexta": 0.02904895320534706,
  "Is_Fim_Semana": 0.0,
  "Hora_Dia_Ciclo": 0.04547626152634621
}