{
  "Vol_Previsto": 0.03426975756883621,
  "HC_Previsto": 0.05961775779724121,
  "Tempo_AHT_Previsto_Total": 0.03229161724448204,
  "Hora": 0.0594564788043499,
  "DiaSemana": 0.028952840715646744,
  "ABS_Taxa_Daily": 0.04247065633535385,
  "Turnover_Taxa_Daily": 0.0,
  "Ferias_Qtd_Daily": 0.0,
  "Faltas_Qtd_Daily": 0.016910264268517494,
  "TME_Real_Avg_Lag_1": 0.057871367782354355,
  "Desvio_Volume_Pct_Lag_1": 0.02089591510593891,
  "Delta_TMA_Lag_1": 0.04679521918296814,
  "Pressao_Prevista_Vol_HC": 0.06003715097904205,
  "Indicador_Sufoco": 0.05221979320049286,
  "Vol_Por_Agente": 0.03357949107885361,
  "Margem_Capacidade": 0.03043271042406559,
  "PerdaLog_Taxa_Daily": 0.04272026568651199,
  "NewHire_Pct_Daily": 0.0,
  "AgentIssues_Taxa_Daily": 0.0,
  "NS_Media_Movel_3": 0.01696856878697872,
  "NS_Media_Movel_6": 0.04110204055905342,
  "NS_Std_Movel_6": 0.029720351099967957,
  "NS_Lag_1": 0.047549180686473846,
  "NS_Lag_2": 0.01566394791007042,
  "NS_Lag_3": 0.0,
  "Programa_Target_Enc": 0.0,
  "Dia_Mes": 0.04625891521573067,
  "Semana_Mes": 0.044232018291950226,
  "Dia_Semana": 0.06726984679698944,
  "Is_Inicio_Fim_Mes": 0.006673739291727543,
  "Is_Segunda_Sexta": 0.01816282980144024,
  "Is_Fim_Semana": 0.0,
  "Hora_Dia_Ciclo": 0.047877270728349686
}